﻿<?xml version="1.0" encoding="utf-8" ?>
<c2eventsheet>
    <!--All the 'name' attributes are ignored by Construct 2 - they are there for readability only.-->
    <name>StartScreenEvent</name>
    <events>
        <variable constant="0" name="Started" sid="812822500311616" static="0" type="number">0</variable>
        <event-group description="" sid="658164303706526" title="BeforeStart">
            <sub-events>
                <event-block sid="264824931306693">
                    <conditions>
                        <condition id="-2" name="On start of layout" sid="549626852023395" type="System" />
                    </conditions>
                    <actions>
                        <action id="-9" name="Set value" sid="743520919946113" type="System">
                            <param id="0" name="Variable">Started</param>
                            <param id="1" name="Value">0</param>
                        </action>
                    </actions>
                </event-block>
            </sub-events>
        </event-group>
        <event-group description="" sid="816513495973292" title="Global Events">
            <sub-events>
                <event-block sid="906290566079100">
                    <conditions>
                        <condition id="-6" name="Every X seconds" sid="251179983697642" type="System">
                            <param id="0" name="Interval (seconds)">2</param>
                        </condition>
                    </conditions>
                    <actions>
                        <action behavior="Fade" id="1" name="Start fade" sid="612384912591517" type="start_text" />
                    </actions>
                </event-block>
                <event-block sid="485925353236592">
                    <conditions>
                        <condition id="-2" name="On start of layout" sid="319413297073118" type="System" />
                    </conditions>
                    <actions>
                        <action id="0" name="Play" sid="694953026505351" type="backgroundSound">
                            <param id="0" name="Audio file">StartScreeSound</param>
                            <param id="2" name="Loop">1</param>
                            <param id="3" name="Volume">5</param>
                            <param id="1" name="Tag (optional)">&quot;StartScreen&quot;</param>
                        </action>
                        <action id="-9" name="Set value" sid="547648942998839" type="System">
                            <param id="0" name="Variable">Started</param>
                            <param id="1" name="Value">Random(2)</param>
                        </action>
                    </actions>
                </event-block>
                <event-block sid="868135249335471">
                    <conditions>
                        <condition id="1" name="On any key pressed" sid="872690384579405" type="Keyboard" />
                    </conditions>
                    <actions>
                        <action id="-9" name="Destroy" sid="453402856775795" type="start_text" />
                        <action id="6" name="Stop" sid="679140475403400" type="backgroundSound">
                            <param id="0" name="Tag">&quot;StartScreeSound&quot;</param>
                        </action>
                        <action id="35" name="Unload audio" sid="723030766570628" type="backgroundSound">
                            <param id="0" name="Audio file">StartScreeSound</param>
                        </action>
                        <action id="-2" name="Go to layout" sid="514980178712042" type="System">
                            <param id="0" name="Layout">Historia</param>
                        </action>
                    </actions>
                </event-block>
            </sub-events>
        </event-group>
    </events>
</c2eventsheet>
