﻿<?xml version="1.0" encoding="utf-8" ?>
<c2eventsheet>
    <!--All the 'name' attributes are ignored by Construct 2 - they are there for readability only.-->
    <name>evt_historia</name>
    <events>
        <event-group description="" sid="376435119016681" title="StartEvent">
            <sub-events>
                <variable constant="0" name="startWriting" sid="295199027340038" static="0" type="number">0</variable>
                <event-block sid="289439050491364">
                    <conditions>
                        <condition id="-2" name="On start of layout" sid="645749029681013" type="System" />
                    </conditions>
                    <actions>
                        <action behavior="Fade" id="1" name="Start fade" sid="202548408439687" type="bg_ground_hist" />
                    </actions>
                </event-block>
                <event-block sid="500816948861383">
                    <conditions>
                        <condition behavior="Fade" id="1" name="On fade-in finished" sid="646680462545539" type="bg_ground_hist" />
                    </conditions>
                    <actions>
                        <action id="-10" name="Set value" sid="413539789180905" type="dest_hist">
                            <param id="0" name="Instance variable">startWrite</param>
                            <param id="1" name="Value">1</param>
                        </action>
                    </actions>
                </event-block>
                <event-block sid="939482945012300">
                    <conditions>
                        <condition id="-7" name="Compare instance variable" sid="821242480381538" type="dest_hist">
                            <param id="0" name="Instance variable">startWrite</param>
                            <param id="1" name="Comparison">0</param>
                            <param id="2" name="Value">1</param>
                        </condition>
                        <condition id="-6" name="Every X seconds" sid="798446366192677" type="System">
                            <param id="0" name="Interval (seconds)">0.02</param>
                        </condition>
                    </conditions>
                    <actions>
                        <action id="0" name="Set text" sid="483400499785336" type="dest_hist">
                            <param id="0" name="Text">left(sourc_hist.Text, len(dest_hist.Text) + 1)</param>
                        </action>
                    </actions>
                </event-block>
            </sub-events>
        </event-group>
        <event-group description="" sid="455512458580909" title="Buttom">
            <sub-events>
                <event-block sid="997539145229109">
                    <conditions>
                        <condition id="0" name="On clicked" sid="953548391542860" type="btn_skip" />
                    </conditions>
                    <actions>
                        <action id="-2" name="Go to layout" sid="100861830859257" type="System">
                            <param id="0" name="Layout">CENARIO1</param>
                        </action>
                    </actions>
                </event-block>
            </sub-events>
        </event-group>
    </events>
</c2eventsheet>
